inn;ogrn;name;full_name;site;region;address;contacts;email;revenue_year;revenue;segment_tag;source;doc_url;doc_type
;;LBL;;https://www.lbl.ru/;Москва;Москва, 3-я улица Ямского поля, д. 32;+7 (495) 789-45-42;;;986900000.0;"BTL;digital;indoor;Агентства наружной рекламы;брендинговое;видеопродакшн;коммуникационное;медиа;рекламное";marketingtech;;homepage
;;DDVB;;https://www.ddvb.ru/;Москва;Москва, ул. Земляной вал, 46, помещение 41;+7 (495) 916-01-23;info@ddvb.ru;;227300000.0;"BTL;digital;брендинговое;Дизайн сайтов;коммуникационное;креативное;полного цикла;рекламное;Агентства наружной рекламы;аналитическое;контент;маркетинговое;репутация;3";marketingtech;https://www.ddvb.ru/upload/files/DDVB2025.pdf;pdf
;;DPG Russia;;https://www.dpgrussia.com;Москва;Москва, ул. Полковая, 3, стр. 5;+7 (495) 181-74-45;"a.petrova@dpgrussia.com; agency@dpgrussia.com; biriukov@dpgrussia.com; cybina@dpgrussia.com; espinosa@dpgrussia.com; kremer@dpgrussia.com; nalbandian@dpgrussia.com; rodionova@dpgrussia.com; saviniukhova@dpgrussia.com; shvedova@dpgrussia.com";2012.0;1100000000.0;"BTL;event;брендинговое;креативное;CPA маркетинга;аналитическое;коммуникационное;маркетинговое;рекламное";marketingtech;https://dpgrussia.com/wp-content/uploads/2025/05/Политика_обработки_персональных_данных.pdf;pdf
;;Doctorteam;;https://doctorteam.ru/;Москва;Москва, Новодмитровская 2к2;+7 (495) 155-05-00;info@doctorteam.ru;2004.0;760000000.0;"BTL;event;PR;SMM;брендинговое;Разработка мобильных приложений;СММ;технологическое";marketingtech;;homepage
;;Orange Promo;;http://orange.co.ru/;Москва;Москва, ул. Дербеневская, 15Б, 2 этаж;+7 (495) 955-94-15;;;331700000.0;"BTL;event;мерчендайзинга";marketingtech;;
;;Servizoria;ООО «СЕРВИЗОРИЯ»;https://servizoria.ru;Москва;Москва, Гамсоновский пер., 2, стр. 1, 2 этаж;+7 (495) 268-02-44;"sales@servizoria.ru; support@servizoria.ru";2022;313600000.0;"BTL;event;маркетинговые исследования;мерчендайзинга;аналитическое;маркетинговое";marketingtech;https://servizoria.ru/wp-content/uploads/2025/07/section-reviews-pdf-1.pdf;pdf
;;be all bright! group;ООО «БОБ КО»;https://beallbright.com/;Москва;Москва, Каширское ш, д. 3 к. 2 стр. 4, помещ. 2А/3;+7 (499) 430-01-86;info@beallbright.com;;312600000.0;"BTL;digital;event;SMM;видеопродакшн";marketingtech;https://beallbright.com/s/documents/polzovatelskoe_soglasenie.pdf;pdf
;;Master In;;http://master-in.ru/;Санкт-Петербург;Москва, Санкт-Петербург, ул. Инструментальная, 3;+7 (495) 255-06-07;;;298400000.0;"BTL;event;indoor;Агентства наружной рекламы";marketingtech;;homepage
;;Acosta;;https://acostamerch.ru;Нижний Новгород;Нижний Новгород, ул. Керченская, 13;+7 (831) 410-94-24;;;236000000.0;"BTL;event;мерчендайзинга;аналитическое;Аутстаффинг;репутация";marketingtech;;
;;AMERICHIP;;https://www.americhip.ru;Москва;Москва, ул. Рочдельская, 15, стр. 17-18;+7 (499) 962-83-80;INFO@AMERICHIP.RU;;221700000.0;"BTL;event;видеопродакшн;креативное;рекламное;Агентства наружной рекламы";marketingtech;;homepage
;;Marvelous;;https://marvelous.ru/;Москва;Москва, ул. Скаковая, 36, офис 301;+7 (495) 604-10-57;;;201100000.0;"BTL;digital;PR;креативное";marketingtech;;homepage
;1712135430098;emg;;http://emg.ru;Москва;Москва, ул. Народная, 14, стр. 3;+7 (495) 797-86-64;emg@emg.ru;1996;;"Стратегическое планирование;Оформление мест продаж POS;Мерчандайзинг;BTL агентства;Лидеры рынка;Презентации;Избранное;Сэмплинг;РАМУ;АКАР;emg";alladvertising;;homepage
;;OPEN Group;;https://open-com.ru;Москва;Москва,  Ленинградский пр., 36, стр. 11, офис 701;+7 (499) 649-00-80;sales@open-com.ru;;;"Стратегическое планирование;Оформление мест продаж POS;Мерчандайзинг;BTL агентства;Лидеры рынка;OPEN Group;Избранное;Сэмплинг;Indoor;РАМУ;АКАР";alladvertising;;
;;Creon;"ООО ""СИ ДЖИ СИ""";https://creon-cg.com;Москва;Москва, ул. Большая Новодмитровская, 36, стр. 2;+7 (499) 372-32-31;info@creon-cg.com;2025;;"Оформление мест продаж POS;BTL агентства;Лидеры рынка;Презентации;Избранное;Creon PR;Сэмплинг;Стенды;Creon;РАМУ";alladvertising;;homepage
;;BM Group;"ООО BM GROUP """;https://bm-technology.ru;Москва;Москва, Б. Полуярославский пер., 10, корп. 2;+7 (495) 150-16-14;info@bm-technology.ru;2020;;"Нестандартные носители;Дополненная реальность;Витрины и вывески;BTL агентства;Лидеры рынка;Избранное;BM Group;Стенды;Indoor";alladvertising;;homepage
;;N:OW;;https://now-agency.ru;Москва;Москва, ул. Скаковая, 36, офис 300;+7 953 435-91-63;hello@now-agency.ru;;;"Сувенирная продукция;Организация выставок;Event-management;BTL агентства;Лидеры рынка;PR агентства;Презентации;Избранное;Стенды;АКАР;REMA;N:OW;SMM";alladvertising;;homepage
;;Sport Media Alliance;;http://sma-russia.ru;Санкт-Петербург;Санкт-Петербург, наб. Крюкова канала, 25, 2 этаж;+7 (812) 644-60-44;sales@sma-russia.ru;2008;;"Нестандартные носители;Sport Media Alliance;Световые короба;BTL агентства;Fitness Media;Лидеры рынка;Медиаселлеры;Health Media;Избранное;Сэмплинг;IdeaNext;Стенды;Indoor;Воздух";alladvertising;;homepage
;1531306243545;АЛИДИ Продвижение;;https://alidi-agency.ru;Москва;Москва, Старопетровский пр., 7А, стр. 25;+7 (800) 775-75-00;agency@alidi.ru;2023;;"Оформление мест продаж POS;АЛИДИ Продвижение;Мерчандайзинг;BTL агентства;Лидеры рынка;Консалтинг;Избранное;ALIDI";alladvertising;;homepage
;;Хорошие люди;"ООО ""ДМ""";https://www.horoshie-ludi.ru;Москва;Москва, ул. Староалексеевская, 5, офис 300;+7 (495) 230-24-56;info@horoshie-ludi.ru;2003;;"Оформление мест продаж POS;Good People Group;Мерчандайзинг;BTL агентства;Лидеры рынка;Хорошие люди;Презентации;Избранное;Сэмплинг;РАМУ";alladvertising;;homepage
;;Ambitica;;https://www.ambitica.ru;Москва;Москва, Большой Саввинский переулок, 12, стр. 18;+7 (495) 363-14-14;info@ambitica.ru;;;"Нестандартные носители;Медиа-агентства;BTL агентства;Лидеры рынка;Медиабайеры;Избранное;Ambitica;Стенды;Indoor;АКАР";alladvertising;;homepage
;;RI Communication;ООО «Эр Ай Коммуникейшн»;https://ricommunication.ru;Санкт-Петербург;Санкт-Петербург, Удельный пр., 5;+7 (495) 846-84-95;info@ricommunication.ru;;;"Оформление мест продаж POS;RI Communication;Мерчандайзинг;BTL агентства;Презентации;Избранное;Сэмплинг;RUSINFO;АКАР;РАМУ";alladvertising;;homepage
;;BrandNew;;https://www.brandnew.ru;Москва;Москва, ул. Зорге, 1, стр. 1;+7 (495) 748-59-55;info@progressiongroup.ru;;;"Progression Group;BTL агентства;Лидеры рынка;Презентации;Избранное;BrandNew;SMM";alladvertising;;homepage
;;Merchandising Solutions;;https://www.merchandisingsolutions.ru;Москва;Москва, Ракетный бульвар, 16;+7 (495) 297-97-78;info@merchandisingsolutions.ru;;;"Оформление мест продаж POS;Merchandising Solutions;BTL агентства;Мерчандайзинг;Избранное;Сэмплинг";alladvertising;;homepage
;;Master In;;https://master-in.ru;Санкт-Петербург;Санкт-Петербург, ул. Миллионная, 6, офис 104;+7 (495) 255-06-07;sale@master-in.ru;;;"Полиграфическое производство;Нестандартные носители;Реклама на транспорте;Витрины и вывески;Цифровые экраны;Световые короба;Медиа-агентства;BTL агентства;Лидеры рынка;Медиаселлеры;Медиабайеры;Избранное;Master In;Стенды;Indoor;АКАР";alladvertising;;homepage
;1705570052595;PAPA CARLO;;https://papa-carlo.ru;Москва;Москва, Гжельский переулок, 19;+7 (495) 385-84-00;welcome@papa-carlo.ru;2019;;"Оформление мест продаж POS;Event-management;Мерчандайзинг;BTL агентства;Лидеры рынка;Презентации;PAPA CARLO;Избранное;Сэмплинг";alladvertising;;homepage
7725641460;1087746798370;Progression Group;ООО «Прогрешен»;https://progressiongroup.ru;Москва;Москва, Берсеневская наб., 8, стр. 1;+7 (495) 748-59-60;info@progressiongroup.ru;;;"Стратегическое планирование;Реклама в социальных сетях;Агентства полного цикла;Медиапланирование;Progression Group;Интернет-реклама;Мерчандайзинг;BTL агентства;Лидеры рынка;Медиабайеры;Progression;Избранное;Игроник;РАМУ;АКАР;SMM";alladvertising;https://progressiongroup.ru/assets/files/Политика_Конфиденциальности_и_обработки_ПД.pdf;homepage
;1728511484766;RED Agency;;https://red-agency.ru;Москва;Москва, Большой Саввинский пер., 12, стр. 18, офис 302;+7 (495) 787-25-87;blue@red-agency.ru;;;"Оформление мест продаж POS;Интернет-реклама;Мерчандайзинг;BTL агентства;Лидеры рынка;Red Agency;Избранное;Стенды";alladvertising;;homepage
9705132370;;Level Agency;ООО «Левел Эйдженси»;https://level-agency.com;Москва;Москва, ул. Большая Татарская, 35, стр. 7-9, офис 14Б;+7 (495) 122-22-69;info@level-agency.com;2003;;"Витрины и вывески;Event-management;BTL агентства;Loyalty Group;Лидеры рынка;Level Agency;Презентации;Избранное";alladvertising;;homepage
;;SEVEN;;https://7-agency.ru/ru;Москва;Москва, ул. Зорге, 1, стр. 1;+7 (495) 748-59-59;info@7-agency.ru;;;"Оформление мест продаж POS;Progression Group;Мерчандайзинг;BTL агентства;Лидеры рынка;Избранное;WPP Group;Сэмплинг;Ogilvy;SEVEN;7";alladvertising;;homepage
;;LeaderTeam;;https://www.leaderteam.ru;Москва;Москва, Красногорск, бульвар Строителей, 4, стр. 1, сектор Г, 2 этаж;+7 (495) 225-88-30;moscow@leaderteam.ru;;;"Оформление мест продаж POS;BTL агентства;Мерчандайзинг;Лидеры рынка;Презентации;LeaderTeam;Избранное;РАМУ";alladvertising;;
;;POS Management;"ООО ""Научно-технический центр """;https://posmanagement.ru;Москва;Москва, ул. Складочная, 1Б, стр. 1, пом. 13;+7 (495) 989-21-56;info@posmanagement.ru;2011;;"Оформление мест продаж POS;POS Management;BTL агентства;Мерчандайзинг;Лидеры рынка;Избранное";alladvertising;;homepage
;;ARS MAGNA;;https://btl-agency.ru;Москва;Москва, Садовническая наб., 9, офис 8;+7 (499) 677-54-32;client@btl-agency.ru;;;"Оформление мест продаж POS;Event-management;Мерчандайзинг;BTL агентства;Презентации;Избранное;ARS MAGNA;Сэмплинг;РАМУ";alladvertising;;homepage
502478137235;;Redline PR;;https://redline-pr.ru/;Москва;;+7 (926) 579-88-17;pr@redline-pr.ru;2024;;"Фокус на результатах: рост узнаваемости, позитивный информационный фон, увеличение заявок.;Предлагают услуги в сфере PR, SERM, контент-маркетинга, дизайна и разработки сайтов.;Среди клиентов — Леруа Мерлен, Canon, Siemens, Panasonic, Мосэнергосбыт.";directline.pro;https://redline-pr.ru/wp-content/uploads/2025/09/pol.pdf;pdf
690142067822;;Взрывной PR;ИП Масленников Р. М. ИНН 690142067822 ОГРНИП 318695200021338 Главная Кейсы Услуги Контакты Рейтинги специалистов Арт проект 8;https://piar.bz/;Москва;;+7 (922) 880-00-23;rm@msk-pr.ru;;;"Опыт в создании вирусных инфоповодов, креативных PR-стратегий и размещении в федеральных медиа.;Для бизнесов, которым нужны быстрые продажи, внимание СМИ и рост узнаваемости.;Среди клиентов — Бургер Кинг, Klatz, Лигногумат.";directline.pro;https://piar.bz/Soglasie.pdf;pdf
;;Tolk.digital;;https://tolk.digital/;Новосибирск;;;info@tolk.digital;2025;;"Анализирует текущий маркетинг, настраивает рекламу и ведет соцсети, ориентируясь по показателю ROI.;Преимущественно для маркетплейсов и интернет-провайдеров.;Партнеры с МТС, «Ростелеком», также работали с музыкальной группой Bravo Metehi .";directline.pro;;homepage
7705746626;5067746075711;Prpartner;ООО «ПР Партнер»;https://prpartner.ru/;Москва;;+7 (499) 647-47-17;"info@prpartner.ru; sales@prpartner.ru";2025;;"Специализируется на комплексном PR, SMM, антикризисных коммуникациях и ивентах.;Работает с компаниями разного масштаба — от стартапов до крупных брендов.;В кейсах — Centra, MYBOX, Vertiv, Madame Coco, ITGLOBAL.COM и другие.";directline.pro;https://prpartner.ru/upload/Privacy_Policy_PR_Partner_main.pdf;pdf
;;Fruitful solutions;"ООО ""Результативные маркетинговые технологии""";https://f-sol.ru/;Москва;;+7 (495) 777-91-39;info5@f-sol.ru;за 2023;;"Сильные стороны — SEO с выделенной командой, контент от собственной редакции, веб-разработка, а также реклама и продвижение на маркетплейсах.;Подходит компаниям, которым нужен стабильный рост в поиске, проработка репутации и запуск масштабных онлайн-мероприятий.;Среди клиентов — Tele2, Туризм.РФ, Пятерочка, ВТБ, Мособлгаз, Банк ПСБ.";directline.pro;;homepage
;;Непросто PR;;https://neprostopr.ru/;Москва;;;"info@neprostopr.ru; ura.nes.msk@gmail.com; ura.nes.msk@gmail.com.";;;"Сфокусировано на PR-сопровождении, репутации, GR, личном бренде и продвижении в Telegram.;Сотрудничают со стартапами, коммерческими компаниями, топ-брендами, госструктурами и частными клиентами.;Кейсы: Tenchat, РОЛЬФ, IT-компании и культурные проекты.";directline.pro;;homepage
;;MARCON;;https://mar-con.ru/;Москва;;+7 (495) 137-45-00;info@mar-con.ru;2022;;"Специализируется на PR, стратегических коммуникациях, SMM, дизайне, продюсировании мероприятий и digital-продвижении.;Агентство полного цикла, сотрудничает с корпоративными клиентами и международными топ-брендами.;Среди клиентов — Electrolux, Kia, BASF, Continental, Gislaved, Shell Caf?.";directline.pro;;homepage
;;BondSoft;ООО «БОНДСОФТ»;https://www.bondsoft.ru/;Ростов-на-Дону;;+7 (863) 309-06-76;info@bondsoft.ru;2025;;"Занимается медийным продвижением, аналитикой, защитой рекламы, репутацией и сбором спроса.;Подойдет клиентам из недвижимости и гостиничного бизнеса.;Делали продвижение для отеля Ареал и Барская усадьба, глэмпинга Aurora Village, компании VIZANT.";directline.pro;https://www.bondsoft.ru/docs/cookies.pdf;pdf
6194002171;;VBI;ООО «CДЭК.МАРКЕТ»;https://vbi.ru/;Москва, Тамбов;;+7 (495) 153-64-18;info@vbi.ru;;;"Фокусируется на медийной рекламе, поисковой аналитике, автоматизации маркетинга и управлении репутацией.;Digital-агентство для крупного и растущего бизнеса.;Среди клиентов — Chery, CDEK.Shopping, Genotek, РЖД-Медицина и Avilon.";directline.pro;https://vbi.ru/policy.pdf;pdf
;;Текарт;;https://techart.ru;Москва;;+7 (495) 790-75-91;info@techart.ru;2024;;;pavezlo.ru;;homepage
;;SVISTUNOV;ООО «КИТ»;https://svistunoff.com;Санкт-Петербург;;+7 (812) 602-36-70;;;;;pavezlo.ru;;homepage
;;INRAISE;;https://inraise.ru;;;;;;;;pavezlo.ru;;homepage
9705151710;;Demis Group;"ООО ""МАРКЕТИНГ И ОНЛАЙН ПРОДАЖИ""";https://www.demis.ru;Санкт-Петербург;;+7 (495) 223-66-59;;2004;;;pavezlo.ru;https://www.demis.ru/upload/images/patented-it-dev/04.pdf;pdf
3444280612;1243400001844;Mamontov.top;"ООО ""М.ТОП""";https://mamontov.top;;;+7 (499) 647-60-34;;;;;pavezlo.ru;https://mamontov.top/wp-content/uploads/2024/09/d360_mamontov_top.pdf;homepage
;;CoffeeStudio;;https://coffeestudio.ru;Санкт-Петербург;;+7 (495) 320-50-68;;;;;pavezlo.ru;https://coffeestudio.ru/media/CoffeeStudio_presentation_about.pdf;homepage
;;Реаспект;;https://www.reaspekt.ru;Казань;Казань, ул. Кремлевская, д. 21, помещение 79 ;"+7 (499) 281-60-32; +7 (499) 951-78-72";;2007;;;pavezlo.ru;https://www.reaspekt.ru/upload/docs/politika-konfidencialnosti.pdf;pdf
;;Импульс-Маркетинг;;https://impulsit.ru;;;;;;;;pavezlo.ru;;homepage
;1739707731827;Advertalyze;;https://advertalyze.ru;;;;hello@advertalyze.ru;;;;pavezlo.ru;;homepage
;;IT-Градиент;;https://it-gradient.ru;Санкт-Петербург;;+7 905 020-48-18;info@it-gradient.ru;2025;;;pavezlo.ru;;homepage
;;WOM MEDIA;;https://wom-media.ru;;;;;;;;pavezlo.ru;;
;1754050152897;PANDA Digital Group;;https://pandasmm.ru;;;+7 (960) 877-85-07;"mail@example.com; sale@pandasmm.ru";;;;pavezlo.ru;;homepage
7725814962;1147746006320;ArrowMedia;ООО «АРВМ»;https://arwm.ru;Москва;;+7 (495) 648 68 65;ad@arwm.ru;;;;pavezlo.ru;;homepage
;;Action;;https://action.ru/?from;;;;;;;;pavezlo.ru;;
;1747136955347;KIT SOLER;;https://kitsoler.ru;;;+7 (499) 110-77-49;info@soler.ru;;;;pavezlo.ru;;homepage
;;Точно;;https://tochnoagency.ru/;;;;;;;;pavezlo.ru;;
772156826008;1531306243545;SV Digital;;https://sv-digital.com;Санкт-Петербург;Санкт-Петербург, Рязанский просп., 10, стр. 18;+7 (499) 286-84-81;info@sv-digital.com;2022;;;pavezlo.ru;;homepage
780439846618;;HEIGHT LINE;;https://hl2b.ru;;;"+7 (812) 220-14-27; +7 (812) 421-78-98;  +7 (800) 623-45-67";alexts@dadcan.ru;;;;pavezlo.ru;;homepage
;;Business Pulse;;https://business-pulse.ru;;;"+7 (495) 085-32-02; +7 (495) 085-32-02";ilove@business-pulse.ru;2005;;;pavezlo.ru;;homepage
;;Карбуст;;https://karboost.ru;;;"+7 (913) 157-37-03; +7 (983) 529-93-59";INFO@KARBOOST.RU;2023;;;pavezlo.ru;;homepage
132609175387;1748512244090;T4ka.ru;ИП Лигер А.В. ИНН;https://t4ka.ru/;Москва;;+7 (927) 174-43-11;info@t4ka.ru;;;;pavezlo.ru;;homepage
;;Импульс;;https://impulse-marketing.ru/;Владивосток;;"+7 (950) 292-36-91; +7 (994) 017-62-60";marketingvl@mail.ru;2025;;;pavezlo.ru;https://impulse-marketing.ru/uploads/SOPD_Impuls_sajt_0ddcbb38b5.pdf;pdf
;;Marsa;;https://marsa.pro/;;;+7 (995) 300-46-02;;за 2024;;;pavezlo.ru;;homepage
7731515791;;IT agency;;https://www.it-agency.ru/;;;+7 495 646-61-37;sales@it-agency.ru;;;;pavezlo.ru;;homepage
;1677490920260;MD Marketing;;https://mdmarketing.ru;Санкт-Петербург;;+7 (800) 201-36-79;manager@mdmarketing.ru;за 2023;;;pavezlo.ru;;homepage
;;Sda;;https://sdamarketing.ru/;Санкт-Петербург;;"+7 (812) 209-45-37; +7 (911) 925-45-37";sda@sdamarketing.ru;2015;;;pavezlo.ru;;homepage
;;ROIburo;;https://roiburo.ru;;;+7 (912) 653-51-02;hr@roiburo.ru;;;;pavezlo.ru;;homepage
;;СайтКрафт;;https://saitcraft.ru/;;;+7 (499) 288-18-02;;;;;pavezlo.ru;;homepage
2308262884;1192375011652;Сектор бизнеса;"ООО ""СЕКТОР БИЗНЕСА ГРУПП""";https://agency.sector.business/;Краснодар;;;help@sector.business;;;;pavezlo.ru;;homepage
;;B2B-creative;;https://b2b-creative.ru/;;;;;;;;pavezlo.ru;;
;1764655894947;SETEVIE;;https://setevie.com;Санкт-Петербург;;;"sales@setevie.com; welcome@setevie.com";;;;pavezlo.ru;;homepage
;;Wow;;https://wow.wearewowagency.com;;;+7 (383) 209-37-34;wow@wearewowagency.com;;;;pavezlo.ru;;homepage
;;AXE MARKETING;;https://axemarketing.ru;Лабытнанги;;"+7 (951) 506-91-66; +7 (995) 888-18-72";;;;;pavezlo.ru;;homepage
234305258976;;Толстенко маркетинг;"ООО ""Спорт и Отдых""";https://tolstenko-marketing.ru;;;+7 (911) 299-69-09;aa.tolstenko@yandex.ru;;;;pavezlo.ru;;homepage
352530068696;1531306540094;Бородатый маркетинг;ООО Марка;https://bearded-marketing.ru;Москва;;+7 (900) 543-66-30;bearded-marketing@yandex.ru;2022;;;pavezlo.ru;;homepage
;;INTERVOLGA;ООО «Интернет-агентство ИНТЕРВОЛГА»;https://www.intervolga.ru/adv/;;;"+7 (495) 648-57-90; +7 (844) 295-99-99";info@intervolga.ru;2003;;;pavezlo.ru;;homepage
420536457498;;Девятка;ООО «OMRON»;https://marketingnine.ru/?utm_source=marketing-tech;Санкт-Петербург;;+7 (933) 300-21-01;;2025;;;pavezlo.ru;;homepage
550723931367;1531306243545;Trafficmall;;https://trafficmall.site/;;;;info@trafficmall.site;2017;;;pavezlo.ru;;homepage
;;4 Пикселя;"ООО ""Прагматика""";https://4px.ru/;Москва;;"+7 (495) 181-16-19; +7 (916) 298-30-38";hello@4px.ru;;;;pavezlo.ru;;homepage
5406848785;1255400019280;НОВОЕ АГЕНТСТВО;"ООО ""ПРОФПОМОЩЬ""";https://novoe.online/services/;Москва;;"+7 (383) 207-57-29; +7 (383) 207-57-29; +7 (800) 500-31-38; ";info@novoe.online;;;;pavezlo.ru;;homepage
;;Акцент на результат;ПАО «Сбербанк России»;https://www.aaccent.ru/spb/;Санкт-Петербург;;"+7 (499) 213-27-67; +7 (499) 685-15-26; +7 (800) 500-33-60; +7 (843) 207-11-58";info@aaccent.ru;2006;;;pavezlo.ru;https://www.aaccent.ru/upload/privacy_policy.pdf;homepage
;1663094214693;Collaba Digital;ООО «СИНЕЛЛ»;https://collaba.digital/;Санкт-Петербург;;"+7 (812) 645-78-80; +7 (812) 645-78-80";info@collaba.digital;за 2021;;;pavezlo.ru;https://ruward.ru/files/diplomas/n1420296cid16683.pdf;pdf
;1707927150432;"KOTTE;";;https://kotte.agency/;Санкт-Петербург;;"+7 (921) 845-39-10; +7 (921) 974-96-95";info@kotte.agency;;;;pavezlo.ru;;homepage
;;ВМЕСТЕ;;https://vmeste.marketing;Санкт-Петербург;;;;;;;pavezlo.ru;;homepage
;;Yummies;;https://yummies.ru;Санкт-Петербург;Санкт-Петербург, ул. Рубинштейна 15-17;"+7 (812) 983-25-30; +7 (981) 759-18-21";info@yummies.ru;;;;pavezlo.ru;;homepage
;1728396419023;Inbox marketing;ООО «Инбокс Маркетинг»;https://inbox-marketing.ru;Санкт-Петербург;;+7 495 150 69 42;"42@inbox-marketing.ru; example@mail.com";2012;;;pavezlo.ru;;homepage
;;Hastra;;https://hastra.ru/sankt-peterburg/;Санкт-Петербург;Москва, ул. Летниковская 2 ;+7 (800) 333-13-49;info@hastra.ru;2022;;;pavezlo.ru;;homepage
;1764655894947;Setevie Agency;;https://setevie.com;Санкт-Петербург;;;"sales@setevie.com; welcome@setevie.com";;;;pavezlo.ru;;homepage
;;D4B.media;;https://www.d4bmedia.com/;Санкт-Петербург;;"+7 (904) 631-48-21; +7 (918) 870-48-52; +7 (952) 375-05-55; +7 (995) 788-24-02";"angelina.kovaleva@d4bmedia.com; artem.vengin@d4bmedia.com; info@d4bmedia.com; irina.kalinina@d4bmedia.com; svetlana.kurakina@d4bmedia.com";2013;;;pavezlo.ru;;homepage
781135239885;;"Lio;";ИП Власова Ирина Андреевна ОГРНИП;https://l-io.ru;Санкт-Петербург;;+7 (995) 600-05-68;info@l-io.ru;;;;pavezlo.ru;https://l-io.ru/Oferta.pdf;pdf
;;Ай кью;ООО «Ай Кью»;https://iqdesign.ru/;Санкт-Петербург;;"+7 (495) 660-37-76; +7 (812) 490-74-34";mbox@iqcompany.ru;2005;;;pavezlo.ru;;homepage
;;imakers;;https://imakers.ru/;Санкт-Петербург;Санкт-Петербург, Пискаревский проспект, д.2, к.2;79119449585;contact@imakers.ru;;;;pavezlo.ru;;homepage
;1237800012427;Соломка;"ООО ""СОЛОМКА""";https://solomka.biz/?yclid=11264805627982249983&utm_term=---autotargeting&utm_campaign=115957217&utm_source=yandex&utm_content=16664296043&utm_medium=rsy_401;Санкт-Петербург;;"+7 (495) 128-50-11; +7 (495) 128-50-11; +7 (930) 600-10-25";info@solomka.biz;;;;pavezlo.ru;https://solomka.biz/assets/files/politika.pdf;pdf
;;SDA;;https://sdamarketing.ru;Санкт-Петербург;;"+7 (812) 209-45-37; +7 (911) 925-45-37";sda@sdamarketing.ru;2015;;;pavezlo.ru;;homepage
583509703302;1722786460358;Voropaev Media;ИП Воропаев Денис Сергеевич;https://voropaevmedia.com/;Санкт-Петербург;;"+7 (963) 107-37-41; +7 (963) 111-55-88";"hello@voropaevmedia.com; mail@example.com";2025;;;pavezlo.ru;;homepage
;;Mobisharks;;https://mobisharks.com/en;Москва;;+7 (495) 308-01-10;info@mobisharks.com;2024;;;pavezlo.ru;https://mobisharks.com/assets/policy/Согласие-на-получение-маркетинговых-рассылок.pdf;pdf
9709027129;;Tandem Group;;https://tandemdigital.ru;Москва;;;;2018;;;pavezlo.ru;;homepage
9718060108;1177746402338;Комплето;;https://www.completo.ru;Москва;;+7 (495) 640-89-97;;2022;;;pavezlo.ru;;homepage
;1207700260240;RapidWeb.Me;;https://rapidweb.me/ru/;Москва;;+7 (499) 647-51-12;mail@rapidweb.me;;;;pavezlo.ru;https://rapidweb.me/privacy-policy-rapidwebme.pdf;homepage
7743099578;;A1 team;ООО «Адвертайзинг маркетинг групп»;https://www.a1-team.ru/;Москва;;+7 (495) 799-49-59;Hello@A1-Team.ru;;;;pavezlo.ru;;homepage
;;KURAGA MARKETING;;https://kuraga.agency;Москва;;;;;;;pavezlo.ru;;
5260246781;1235200028030;E-Promo;ООО «Е-Промо»;https://www.e-promo.ru;Москва;;+7 (495) 646-04-85;"hrgroup@e-promo.ru; sales@e-promo.ru";2023;;;pavezlo.ru;https://www.e-promo.ru/?id=1</loc><lastmod>2025-09-23</lastmod></url><url><loc>https://www.e-promo.ru/cases</loc><lastmod>2025-07-17</lastmod></url><url><loc>https://www.e-promo.ru/cases/vyveli-v-top-sezonnyy-tovar-i-uvelichili-dolyu-v-nishe-v-5-raz</loc><lastmod>2025-12-09</lastmod></url><url><loc>https://www.e-promo.ru/cases/uvelichili-vyruchku-v-3-raza</loc><lastmod>2025-08-28</lastmod></url><url><loc>https://www.e-promo.ru/cases/udvoili-kolichestvo-kvalifitsirovannykh-lidov-i-uvelichili-prodazhi-v-3-7-raza</loc><lastmod>2025-08-28</lastmod></url><url><loc>https://www.e-promo.ru/cases/perevypolnili-plan-po-sdelkam-na-17-protsentov-na-rynke-nedvizhimosti</loc><lastmod>2025-08-27</lastmod></url><url><loc>https://www.e-promo.ru/cases/privlekli-bolee-137-5-mln-pokazov-cherez-inflyuyenserov</loc><lastmod>2025-08-27</lastmod></url><url><loc>https://www.e-promo.ru/cases/uvelichili-pritok-novykh-vkladov-v-16-raz</loc><lastmod>2025-08-27</lastmod></url><url><loc>https://www.e-promo.ru/cases/vyrastili-onlayn-i-oflayn-prodazhi-s-pomoschyu-media-pokazav-600-roi</loc><lastmod>2025-08-27</lastmod></url><url><loc>https://www.e-promo.ru/cases/uvelichili-kolichestvo-bronirovaniy-v-otelyakh-v-3-raza-za-5-mesyatsev</loc><lastmod>2025-08-27</lastmod></url><url><loc>https://www.e-promo.ru/cases/uvelichili-brendoviy-spros-na-31-protsentov</loc><lastmod>2025-08-27</lastmod></url><url><loc>https://www.e-promo.ru/cases/uvelichili-poiskovyye-zaprosy-na-36-protsentov-s-pomoschyu-influencer-marketinga</loc><lastmod>2025-08-27</lastmod></url><url><loc>https://www.e-promo.ru/cases/v5-raz-uvelichili-prodazhi-stm-na-ozon</loc><lastmod>2025-08-27</lastmod></url><url><loc>https://www.e-promo.ru/cases/uvelichili-v-2-raza-kolichestvo-registratsiy-i-oplat-shtrafov-v-mobilnom-prilozhenii</loc><lastmod>2025-08-27</lastmod></url><url><loc>https://www.e-promo.ru/cases/kratno-uvelichili-kolichestvo-biznes-partnerov</loc><lastmod>2025-08-27</lastmod></url><url><loc>https://www.e-promo.ru/cases/uvelichili-kolichestvo-vizitov-na-sayt-strakhovoy-kompanii-na-107-protsentov</loc><lastmod>2025-08-27</lastmod></url><url><loc>https://www.e-promo.ru/cases/uvelichili-dnevnoy-dokhod-mobilnogo-prilozheniya-na-17-protsentov-za-mesyats</loc><lastmod>2025-08-27</lastmod></url><url><loc>https://www.e-promo.ru/cases/uspeshno-zamenili-performans-instrumenty-s-pomoshchyu-ozon-click-out</loc><lastmod>2025-08-27</lastmod></url><url><loc>https://www.e-promo.ru/cases/uvelichili-brand-lift-na-273-protsenta-s-pomoschyu-tranzaktsionnykh-dannykh</loc><lastmod>2025-12-10</lastmod></url><url><loc>https://www.e-promo.ru/cases/sdelali-shestiznachnuyu-vyruchku-s-nizkim-drr-na-pazlakh-v-ssha-i-kanade</loc><lastmod>2025-07-09</lastmod></url><url><loc>https://www.e-promo.ru/cases/privlekli-bolee-17-mln-pokazov-i-650-zayavok-s-pomoschyu-ozon-click-out</loc><lastmod>2025-08-27</lastmod></url><url><loc>https://www.e-promo.ru/career</loc><lastmod>2025-07-09</lastmod></url><url><loc>https://www.e-promo.ru/ustoychivoe-razvitie</loc><lastmod>2025-09-23</lastmod></url><url><loc>https://www.e-promo.ru/Е-Промо_Политика_устои?чивого_развития.docx</loc><lastmod>2025-09-23</lastmod></url><url><loc>https://www.e-promo.ru/Е-Промо_Кодекс_корпоративной_этики.docx</loc><lastmod>2025-09-23</lastmod></url><url><loc>https://www.e-promo.ru/Е-Промо_положение_по_охране_труда.pdf;pdf
;1724927054203;Just Up agency;;https://justupagency.ru/;Москва;;;;;;;pavezlo.ru;;homepage
;;ЗЕКСЛЕР;;https://zexler.ru;Москва;;+7 (499) 110-92-21;"director+7956@zexler.ru; director@zexler.ru";за 2024;;;pavezlo.ru;;homepage
540438392551;;The кeys;ИП Эйсак Алиса Юрьевна ОГРН;https://thekeysmarketing.ru/;Москва;;+7 (926) 768-68-78;info@thekeysmarketing.ru;;;;pavezlo.ru;;homepage
;;Twiga;;https://twiga.ru/;Москва;;+7 (495) 987-35-95;ask@twigacg.com;1993;;;pavezlo.ru;https://ramu.ru/upload/files/ramu23_table_rating.pdf;pdf
;;Green-sport;"ООО ""Гринспорт Плюс""";https://green-sport.ru/;Москва;;;greensport.ru@gmail.com;2004;;;pavezlo.ru;;homepage
